{
    "one" : {
        "name" : "Mrak Hall",
        "location" : "1 Shields Ave, Davis, CA 95616",
        "coordinates" : "38.535360,  -121.748690",
        "lat" : 38.535360,
        "lng" :  -121.748690,
        "Description": "boba",
        "img": "Hero.png",
        "fun1": "Fun Fact 1",
        "fun2" : "Fun Fact 2",
        "fun3": "Fun Fact 1"
    },
    "two" : {
        "name" : "Blue Bottle",
        "item": "Hot Mocha",
        "location" : "480 9th St Oakland, CA 94607",
        "coordinates" : "37.801248, -122.273951",
        "type": "coffee",
        "img": "bluebottle.jpeg",
        "rating" : "4.5/5"
    },
    "three" : {
        "name" : "Sweet Glory",
        "item": "Mango Thousand Layer Cake",
        "location" : "721 Larkin St San Francisco, CA 94109",
        "coordinates" : "37.784374, -122.417864",
        "type": "dessert",
        "img": "cake.jpeg",
        "rating" : "3.5/5"
    },
    "four" : {
        "name" : "Dandelion Chocolate",
        "item": "Hot Mexican Mocha",
        "location" : "1 Ferry Building Shop 14 Ferry Building San Francisco, CA 94111",
        "coordinates" : "37.795328, -122.393487",
        "type": "coffee",
        "img": "dandelionchocolate.jpeg",
        "rating" : "3.5/5"
    },
    "five" : {
        "name" : "Gadani",
        "item": "Rose Matcha Latte",
        "location" : "139 Berkeley Sq Berkeley, CA 94704",
        "coordinates" : "37.870668, -122.267984",
        "type": "matcha",
        "img": "gadani.jpeg",
        "rating" : "4/5"
    },
    "six" : {
        "name" : "Guads Tacos & Beer",
        "item": "Burrito Bowl with Asada",
        "location" : "231 3rd St Davis, CA 95616",
        "coordinates" : "38.543826, -121.746271",
        "type": "Mexican",
        "img": "guads.jpeg",
        "rating" : "4/5"
    }
    
    
}